site,content
https://mybookie.ag/,"Sportsbook
Live Betting
Casino
Racing
Login
JOIN NOW
Cashier
Refer Your Friends
Bonuses
Contests
ODDS FORMAT
American (+120)
TIME ZONE
GMT -5 (EST)
Help Center
Bet On Anything.
Anywhere.
 Anytime.
First Deposit Bonus Up To $1000 + $10 Casino Chip
PLACE BETS
Promotions
Casino Games
LIVE ODDS


















Live Sports & Mobile Betting
At the game? Just got a gut feeling? No problem! Now you can bet from anywhere, anytime with the all-new MyBookie mobile betting platform! With the MyBookie mobile platform you’ll enjoy the safety and convenience of at-home betting when you’re on the go! Try it out today and you’ll never miss another winning bet!
Learn more on Mobile Betting
VIP Online Betting Experience
Why Bet Sports with MyBookie
Our Team
Meticulously hand-picked professionals with a refined skillset stemming from years in the online gaming industry.
Our Vision
Redefine the gaming scene by establishing MyBookie as the world’s leading online sports betting and gambling website.
Our Model
Providing a unique, personalized, and stress-free gaming experience for every client according to your preferences.
Our Support
Customer service available 24 hours a day, 7 days a week to offer assistance and aid for all your concerns by phone, email, or chat.
What are you waiting for?
Open and fund your MyBookie account today and start winning.
JOIN FREE
INFORMATION
About Us
MyBookie Help & FAQ
Sportsbook Rules
House Rules & Regulations
Sports Betting Explained
Site Map
MyBookie Affiliates
SPORTSBOOK
NFL Betting Odds
Super Bowl Odds 2022
College Football Odds
NBA Betting Odds
NHL Betting Odds
MLB Betting Odds
UFC Betting Odds
Boxing Betting Odds
PGA Championship Odds
French Open Odds
CASINO & RACEBOOK
Online Casino
Las Vegas Style Games
Tables in the Casino
Play Online Slots
Live Casino Online
Play Poker Machines
Casino Bonuses
Daily Horse Racing Odds
Belmont Stakes Odds
CONNECT
Use #MyBookie
MyBookie Twitter
MyBookie Instagram
MyBookie Youtube
MyBookie Reddit Links
MyBookie Sports News
MyBookie in the Press
Review MyBookie




MyBookie works hard to provide our players with the largest offering of products available in the industry. It is our goal to give our customers a safe place online to bet with the absolute best service possible. Specialising in Current & Live Vegas Style Odds, Weekly NFL , MLB, NBA, NHL Lines, this weekends UFC & Boxing Odds as well as daily, weekly & monthly Sports Betting bonus offers.
Looking for a sportsbook near me? You found it, bet tonights featured events safe online. Intrested in the Fastest Fee Free Payouts in the Industry? Try MyBookie Bitcoin Sportsbook Today. MyBookie Live Sportsbook & Mobile Betting Websites have full SSL site security, our top rated Vegas style Sportsbook and Casino websites are egally licensed by the Government & Laws of Curacao in the Netherlands Antilles. MyBookie is a Legal Online Sports Betting Site, However you are responsible for determining the legality of online gambling in your jurisdiction.
Sportsbook and Online Casino Rollover Requirements:
All bonuses come with a ""rollover requirement."" A ""rollover requirement"" is an amount you must bet (graded, settled wagers only) before requesting a payout. You do not need to win or lose that amount. You simply need to put that amount into action.
For example, this bonus has a 10x rollover. When you deposit $100, we will give you a bonus of $50. The rollover is 10x the deposit + bonus. Therefore:
$100 + $50 = $150
$150 x 10 = $1,500
That means you will need to put $1,500 in action before cashing out.
The bets are cumulative. So the more you play, the sooner you will meet your rollover and be ready to cash out your winnings!
For Sportsbook Bonuses, only wagers placed in the sportsbook qualify towards the rollover requirements. For Casino bonuses, only wagers placed in the casino qualify towards the rollover requirements. Click on Rollover for more information. MyBookie is North America Trusted Sportsbook & Bookmaker, Offering top sporting action in the USA & abroad.
Use of Cookies: MyBookie uses cookies to improve your experience. By using the MyBookie website, you are consenting to the use of cookies in accordance to our Cookie Policy.
HELP IS NEARBY, GAMBLERS ANONYMOUS: IF YOU HAVE A GAMBLING PROBLEM, CALL 1-800-GAMBLER.
Argentina Belgium Brazil Canada Finland Germany Ireland Japan Mexico New Zealand Norway Singapore Spain Sweden United Kingdom China
© Copyright 2021 MyBookie
FOLLOW MYBOOKIE ON SOCIAL NETWORK:
Privacy Policy
Terms and Conditions
Rules and Regulations"
https://reddogcasinobonuses.com/,"PROMOTIONS
GAMES
ABOUT US
BANKING
FAQ
CONTACT US
MENU
SIGN UP
SIGN IN
GAMES
230%
+ 50 spins on Mariachi 5
SIGN UP
WINNERS
Rafael B. wins $158 on  Scuba Fishing  slots
PLAY GAME
JACKPOTS
$
,
,
LATEST POPULAR SLOTS POKER TABLE SPECIALTIES
ALL GAMES
Welcome Bonus
Red welcomes you to his own casino venue and offers you a hefty 225% reward!
READ MORE
2300
Players online
99%
Of winners
32
Bonuses
Play from Any Device
Do dogs like mobile devices? I’ve undertaken some research on that topic and found out that we do! I, for one, can swipe on four gadgets at the same time with my four cute red paws. And I still have my wet cold nose free! I bet you can enjoy portable devices too, my hooman friend, and so I’ve made my casino fully mobile compatible! Grab your Android, iPhone or whatever you have, and let’s play!
Daily Bones
As a co-owner of the casino, Red is completely absorbed in his work, and he doesn’t even have a minute to spare! But when he hears that a player wants to be perfectly entertained, you can bet he will drop everything and rush to them with a great daily bonus!
Games From Red
Red has spent days and nights looking for the software developer that would meet your needs. So far, he’s managed to dig out the best of Real Time Gaming. But his search is still going on, and new titles monthly appear on the website. What a hardworking little doggie Red is, huh?
24/7 Assistance
Customer agents at Red Dog are constantly monitored by Red and his associates. They make sure you receive quality assistance around the clock via email, live chat, and phone.
Fast Payments
Red loves it when you win and hates it when you have to wait for a long time to withdraw your money. So, he has created a unique modern system which makes your payouts fast and secure.
Register now and grab some bonuses!
REGISTER
Terms
Privacy Policy
Responsible Gaming
Security
Affiliate Program
Sitemap
RTP
AML Policy
KYC Policy
GDPR Policy
© Red Dog Casino, 2021. All Rights Reserved."
https://www.bitstarz.com/,"Email
Password
LOG IN
SIGN UP
HELP
QUICK DEPOSIT AND PLAY
ENTER DEPOSIT AMOUNT
€
EUR
PLAY WITH €50
it only takes 1 minute
I Have a Bonus Code
8m 21s
Average Cash Out Time
LIVE
€ 4,797,621.29
Total Jackpot to be Won
LIVE
Top Rated 24/7 Live Chat Support
MAY. 2021
Home
Slots
Table Games
Jackpots
Live Casino
Bitcoin Games
Feeling Lucky?
Game Studios
TOP GAMES
VIEW ALL
Jurassic Giants
Dream Catcher
Crazy Time
Book of Dead
Wolf Gold
Lightning Dice
Buffalo King
Dragon Tiger
Legacy of Dead
Great Rhino Megaways
TRENDING GAMES
VIEW ALL
Arabian Spins
Master Joker
The Hand of Midas
Sweet Bonanza
Razor Shark
John Hunter and the Book of Tut
Monkey's Gold: xPays
Royal Lotus
€59,829.48
Dragon Kings
Book of Dead
PROMOTIONS
NEW GAMES
HOT GAMES - 24 HOURS
COLD GAMES - 24 HOURS
TOP LIVE CASINO GAMES
TABLE GAMES
MEGAWAYS
JACKPOTS
FRUIT SLOTS
BUY BONUS GAMES
""BOOK OF"" GAMES
TOTAL JACKPOT AMOUNT
SIGN UP
it only takes 1 minute
PLAYER TESTIMONIALS
Fastest cashouts in the industry and best choice of games. Excellent customer service, very personable and helpful and they have some real nice bonuses all week long.
Lukahbrasi
This is my go to casino no need for another. Cashouts so fast and easy great game selection. Customer service is top notch. Literally zero concerns.
Tony403
100% best customer service I have experienced with any online casino. Really really really amazing service. I cannot recommend enough.
MrTurtle
BitStarz Casino - honestly THE BEST CASINO by far. I did play many different casino’s but this one is one of the best.
Vegas15
BITSTARZ NEWS
VISIT NEWS
BEST BITCOIN CASINO EXPERIENCE
Bitcoin is the foremost cryptocurrency, with hundreds of thousands of businesses from around the globe accepting it as a method of payment... Read more
Casino Time:
Sun, May 9 · 15:22 (CEST)
GAMES
Slots
Jackpots
Table Games
Live Casino
Bitcoin Games
HELP
FAQ
About Bitcoin
Instant BTC to EUR exchanger
Provability Explained
Play Safe
Complaints
INFO
Casino news
About Us
Terms & Conditions
Bonus Terms & Conditions
Payments
Privacy Policy
Affiliate Program
PROMOTIONS
Slot Wars
Table Wars
Reload Monday
Wednesday Free Spins
We use cookies
Collect tickets
to win a Tesla
SIGN UP"
https://www.monkeyknifefight.com/,"DAILY FANTASY SPORTS
FOR THE REST OF US
Instant Deposit Match up to $100 on your first deposit*
SIGN UP AND PLAY NOW
DOWNLOAD MKF FANTASY
GET A FREE $5 GAME PLUS UP TO $100 INSTANT MATCH ON FIRST DEPOSIT.*
SIGN UP AND PLAY NOW
OVER $50 MILLION IN TOTAL PAYOUTS
Unique easy-to-play games including our most popular More or Less contest
Pick your favorite players from your favorite teams
You're not forced to compete against professional players
No time consuming salary caps
2nd half contests
Start playing in 3 easy steps
Choose any
sport you like
Pick any
game and contest
LEARN MORE ABOUT CONTESTS
Choose More or Less
for each player listed
SIGN UP AND PLAY NOW
""Built to be fun for
the average fan.""
Bill Asher, Founder
Monkey Knife Fight
Fantasy App
DOWNLOAD MKF FANTASY
Awards we've won
Proud DFS partner of these outstanding teams
COMPANY
Fantasy App
MKF HQ
Affiliates
Careers
Support
Privacy Policy
Terms & Conditions
Responsible Play
SPORTS
Football
Baseball
Basketball
College Basketball
Women's Basketball
Soccer
Golf
Hockey
League of Legends
CS:GO
DOTA 2
NASCAR
UFC
DOWNLOAD MKF FANTASY
Your money is safe with our trusted partners
© 2021 Monkey Knife Fight. All rights reserved.
Fantasy Sports Shark, LLC
100 Westminster Street, Suite 1100
Providence, RI 02903 USA
*Deposit match will be awarded in MKF Dollars. MKF Dollars are usable in place of cash on Monkey Knife Fight and, once they are played, they are treated like cash. MKF Dollars have no cash value. MKF Dollars are not eligible for cashout. MKF Dollars are not transferable. MKF Dollars may be reclaimed by MKF if they go unused for a period of more than one (1) month. MKF Dollars will be invalidated across all accounts if a user opens more than one account."
https://intertops.eu/,"Established 1983
Log In Sign Up
SPORTSBOOK
CASINO RED
POKER
CASINO CLASSIC
ENGLISH
|
DEUTSCH
Welcome to Intertops
Online since 1996 – TRUST THE FIRST!
SPORTSBOOK
$200 Sign-up Bonus
Get Started
CASINO RED
125% Sign-up Bonus
Get Started
POKER
200% Sign-up Bonus
Get Started
Be a Winner in 3 steps!
Sign Up Now!
Any questions?
Our dedicated support team is here for you 24/7.
25 YEARS ONLINE – TRUST THE FIRST!
Sign Up Now!
About
Contact
Affiliates
Help Desk
Forgot Password
Special Offers
Next Games
Results
Press
Rules
Privacy Policy
Responsible Gaming
Gamblers Anonymous
Cybersitter
© 2021 INTERTOPS
SPORTSBOOK
CASINO RED
POKER
CASINO CLASSIC"
https://www.wildcasino.ag/,JOIN NOW LOGIN
https://lasatlantispromos.com/,"Sign In
Sign Up
Ocean Floor
280%
Welcome Offer
Claim Now
Frances Z.
 win 
$87
 on 
Lucha Libre 2
Play
 win 
 on 
Play
$
,
,
on
Jackpot Piñatas Deluxe
Play
New Games
7
All Games
Popular Games
21
Promotions
3
Bonuses for every taste, new offers, game specials and holiday promos - all here!
See All
Up to
260%
Slots Bonus
+ 60 Spins on Plentiful Treasure
Las Atlantis is a chest of secrets and you, our friend, will discover all of them soon!
See more
Las Atlantis Casino 2021 (c)"
https://www.blackchippoker.eu/,"NEED HELP?
INSTANT PLAY! CASINO & SPORTS
MENU
Why Join?
What's Hot
Game Selection
Feel The Rush!
Our People
Our Timeline
Anterior
Siguiente









Copyright © 2021  |  BlackChipPoker.eu. | All Rights Reserved
Privacy Policy | Terms & Conditions | Security And Integrity | Responsible Gaming"
https://www.americascardroom.eu/,"EN
NEED HELP?

MENU
WHERE DO I START?
Three steps to getting into online poker.
Follow this roadmap to take your seat:
Download & Install
Sign Up & Deposit
Feel the adrenaline of playing poker
DOWNLOAD NOW
Previous
Next
WHY WOULD YOU PLAY POKER
ANYWHERE ELSE?
MASSIVE DAILY TOURNAMENT SCHEDULE
MORE DEPOSIT OPTIONS THAN ANY OTHER SITE
Previous
Next
POKER
America’s biggest poker site.
DEAL ME IN
CASINO
Hit the tables, or hit a jackpot.
FIND MY GAME
SPORTSBOOK
Make every victory count.
BET ON SPORTS
WE TAKE YOUR SAFETY AND SECURITY SERIOUSLY
DATA PROTECTION
We believe in honesty and transparency. Always.
SINCE 2001
We've been dealing cards for decades, and our focus on you keeps getting stronger.
BOTS
We’re always standing on guard to make sure bots stay off the tables.
PRIVACY
We use top bank-grade encryption and do everything we can to make sure your info stays private.
A WORLD OF POKER ENTERTAINMENT AWAITS!
It just takes a minute to create your free account and load it with cash. Once you’re good to go, you’ll have unlimited access to the hottest poker promotions, biggest tournament action, nonstop cash game thrills, and everything you need to fill your day with poker awesomeness. All this plus a sportsbook, casino games, and so much more.
LET'S PLAY!
HIT THE CASINO OR BET ON SPORTS. ANYWHERE. ON ANY DEVICE.
Bet on sports or spin your way to a huge jackpot.
TRY NOW. NO DOWNLOAD REQUIRED!
CERTIFIED RNG
Our Random Number Generator has been independently reviewed and certified for meetings all standards. Every single hand dealt at ACR is completely random. View iTech Labs Certificate here.
WE BREAK RECORDS
When you join ACR, you become a member of a site that breaks records.
The biggest guarantees, the biggest payouts, the largest tourney selection.
Sign me up!
OPEN AN ACCOUNT
OUR TEAM
OUR TIMELINE
2001
Opened Doors to Worldwide Players
2011
Joined Winning Poker Network
2012
Launched First Weekly Beast Point Race
2014
Hosted First $1M GTD Tourney
2015
Began Accepting Bitcoin
2018
Launched Cage Live in Costa Rica
2021
Hosted Record $8M Venom
GOT QUESTIONS?
We’re all ears. See our FAQ section and watch our videos for your answers. You can also chat with us live or email us at support@americascardroom.eu.
LEARN MORE
Copyright © 2021 | AmericasCardroom.eu | All Rights Reserved | Terms of Service"
https://www.jackpotcitycasino.com/,"Sign Up
Login




Casino Games
Mobile Casino
Casino App
Promotions Banking
FAQ Blog Language
Contact Us
Login
Sign Up
TOP CASINO GAMES AT JACKPOTCITY ONLINE CASINO
1600 €
DEPOSIT BONUS
Jackpot Total
SIGN UP
1st / 2nd / 3rd / 4th Deposit - Match Bonus up to 400 € • New customers only • Min deposit 10 € • 70x wagering • Terms apply
Welcome to JackpotCity Online Casino
JackpotCity is a fully licensed online casino that was launched in 1998 and is eCOGRA-certified. This casino offers players more than 500 casino games, to be played online with safe and secure banking options and 24/7 support via email and live chat. Some of the online slots that players can look forward to include the African safari-themed Mega Moolah, which has a starting progressive jackpot of $1 Million, as well as the latest addition to the jackpot family, Wheel of Wishes, starting with a jackpot of $2 Million. Explore the world of online gaming and find out more about everything there is to enjoy at JackpotCity Casino.
Wheel of Wishes
Mega Moolah
Major Millions
Treasure Nile
Wheel of Wishes
Wheel of Wishes is the latest addition to the jackpot family of casino online and mobile slots. With 5 reels and 10 paylines, this game features Power Spins, a Scatter and a Wild, as well as a Wheel of Wishes Jackpot Bonus, with 4 different progressive jackpots that can be won at any time. Packed with exciting symbols, including a treasure chest, genie’s lamp and magic spell book, Wheel of Wishes offers a Mini, Minor, Major and WowPot! jackpot, with the latter always starting at $2 Million. A portion of each bet placed will contribute to the pot, and once a lucky player has won the jackpot, the amount will be reset and will continue to grow again as bets are placed.
Wheel of Wishes
What magic does the genie hold across the colorful reels?
Enjoy Exciting Online Casino Games
At JackpotCity Casino, players can enjoy more than 500 casino games online, including slots with variants of classic 3-reel as well as modern 5-reel video slots, most of them packed with in-game bonus features. There are also progressive jackpot online and mobile casino slots, where one lucky spin can land a jackpot win of millions. Besides exciting slot action, players can also look forward to table games, on PC or via the mobile online casino, like blackjack and roulette, as well as live casino games, like Lightning Roulette and Dream Catcher – and with some keno, video poker, bingo and casual games available, there will always be something to enjoy at JackpotCity Casino.
Ancient Fortunes: Zeus
What mighty rewards will the powerful god of thunder reveal?
Agent Jane Blonde Returns
She’s brainy, she’s blonde and she’s back for more spy action!
Anderthals™
Go on a stone-age slots adventure with a caveman family!
Mining Fever™
Join the digging dwarves searching for underground riches.
Evolution Blackjack
Take your exclusive seat to beat the dealer in real time!
Real Roulette with Sarati™
Get your ticket to a movie-quality wheel-spinning experience.
Aces & Eights Video Poker
Ace it with a winning hand on this video poker favorite.
Baccarat
What will the cards reveal? Take a virtual seat to find out.
Atlantean Treasures: Mega Moolah
Dive in for a chance to discover the ocean’s sunken riches.
Live Casino Games
The live casino online section at JackpotCity Casino allows players to stream live table games, online or via mobile, like blackjack and roulette, as well as gameshow-style games, in real time and in high definition. The live casino games are all powered by Evolution Gaming, a software provider who has won numerous awards for Casino Supplier of the Year and Innovation in Casino Entertainment. With innovative games like Lightning Roulette, Infinite Blackjack, Speed Baccarat and more, Evolution Gaming is setting the trend in live casino online entertainment. Find out more about the games available from Evolution Gaming at JackpotCity Casino below.
Live Blackjack
Get hands-on with one of your table favorites in real time.
Live Roulette
Why not take the roulette wheel for a real spin in real time?
More Live Casino Games
Besides variations of table games at JackpotCity Online Casino, such as Dragon Tiger Baccarat, Lightning Dice and Casino Hold’em, players can also enjoy game-show style casino games, both online and on mobile at this casino. These games include MONOPOLY Live and Dream Catcher. These two games both work on the concept of a big wheel spinning, where the outcome all depends on where the pointer on the wheel stops. Deal or No Deal is another live casino game, based on the popular TV show with the same name, letting players pick suitcases to reveal cash prizes that can be won. Live casino is an exceptional creation from Evolution Gaming, with exciting variations of each game available to play in a real environment, with real dealers.
Live Blackjack
From table to cards, it’s the real deal, croupier included!
Live Roulette
Introducing the thrill of real time spins and real live wins.
Live Baccarat
Reserve your seat for real-time, real-dealer action – live!
Live Dream Catcher
Will the live host spin the colorful money wheel your way?
Online Table Games at JackpotCity Casino
Fans of table games will have plenty to talk about when playing at JackpotCity, with its huge variety of popular casino online games, which can be enjoyed on both PC and via the mobile online casino. Blackjack, roulette, baccarat, craps and more, with different versions of each game, can be found here, including European Roulette, Atlantic City Blackjack and High Speed Poker. While they are not typically known for being table games, players can also find various keno and bingo games in the table games section at JackpotCity, including Monkey Keno, Spingo and Electric Bingo. There is always a seat open at JackpotCity, no matter whether it’s at a blackjack or roulette table, or any of the other exciting games on offer.
Vegas Single Deck Blackjack
Big on blackjack? Then you’d want to get in on this action.
Classic Blackjack Gold
Enjoy a table game classic that’s good as gold. Are you in?
The Latest Table Games
New games are constantly being released at JackpotCity Online Casino, and table games are no different. While standard blackjack, roulette and other table games are available, new versions are constantly released, or original games refreshed, to keep the line-up exciting. One such innovation, and a new release from Real Dealer, is the Real Roulette series of games, with dealers Sarati, Bailey and Holly. While the games are played in real time, all possible outcomes are pre-recorded and streamed, so players will still have an immersive experience. Evolution Gaming also brings new versions to the table with games like Baccarat Knockout, and games like Double Ball Roulette also changing the game of regular roulette.
Real Roulette with Sarati™
Spin the wheel to experience glamorous gaming at its best.
Real Roulette with Holly™
It’s as attractive as roulette gets. Simply take your seat.
Vegas Single Deck Blackjack
Ready to take on the virtual dealer in this popular card game?
Baccarat
Pick a table, take your seat and indulge in a true classic.
Safe and Secure Banking
Thanks to the latest Secure Sockets Layer (SSL) encryption technology, players can make deposits and withdrawals at JackpotCity Casino with complete peace of mind, as all personal details are protected at all times. The online casino has a range of banking mechanisms for players to choose from, including credit and debit cards, as well as prepaid solutions and web wallets. Players simply need to log into their JackpotCity casino account online, click on the Banking tab, and complete the details to make either a deposit or a withdrawal. Safe and secure banking can be done via the mobile online casino option or on desktop.
Visa
A firm favorite for debit and credit card transactions.
Visa Electron
A trusted debit card that’s as safe and secure as it gets.
Mastercard
The global leader in card transactions ensures easy payments.
Interac
Ensuring hassle-free payments directly from your bank account.
iDebit
Easy deposits and withdrawals via one user-friendly method.
Trustly
A simple payment solution promising watertight security.
Skrill
A secure web wallet used by millions of customers world-wide.
NETELLER
The convenient, anytime, anywhere, global payment method.
Quick Links
Casino Games
Online Slots
Online Blackjack
Online Roulette
Mobile Casino
Mobile Games
Mobile Slots
Live Casino
FAQ
Sign Up
Login
Over 400 games to choose from! SIGN UP
Quick Links
Home
Casino Games
Online Slots
Online Blackjack
Online Roulette
Mobile Casino
Mobile Slots
Mobile Games
Online Bingo
Casino Links
Promotions
Winners
Loyalty Rewards
Banking
Live Casino
About Us
About Us
Contact Us
Casino Affiliate Programme
Blog
FAQ
Legal
Terms and Conditions
Promotion Terms
Privacy Policy
Responsible Gaming
Payout Percentages
We're here for you - 24 hours a day.
LIVE CHAT
Know the facts: www.gamblingtherapy.org
Bayton Ltd (C41970), is a Maltese registered company registered at Villa Seminia, 8, Sir Temi Zammit Avenue, Ta' XBiex XBX 1011. Bayton Ltd is licensed under the Malta Gaming Authority, license number: MGA/B2C/145/2007 (issued 1st August 2018)."
https://www.royalvegascasino.com/,"LOGIN
WELCOME DEPOSIT BONUS
1200 €
1st / 2nd / 3rd / 4th Deposit - Match Bonus up to 300 € • New customers only • Min deposit 10 € • 70x wagering
SIGN UP
MORE INFO
|PROMOTION TERMS
NEW AND EXCLUSIVE
POPULAR
SLOTS
TABLES
LIVE CASINO
VIDEO POKER
PROGRESSIVE
VARIETY
VEGAS
PROGRESSIVE JACKPOT $ 9,716,636.17
Adventures of Doubloon Island
Chicago Gold
Amazing Links Zeus
Queen of Alexandria
Animals of Africa
Ingots of Cai Shen
Assassin Moon
Serengeti Gold
Hyper Strike
Amber Sterling Mystic Shrine
Carnaval Jackpot
Galactic Gold (Exclusive)
More games
Welcome to Royal Vegas Online Casino!
Award-Winning Casino Entertainment
Royal Vegas offers more than 700 trusted online casino games in a wide variety of themes suitable for every preference. Our most popular online games include:
Online slots
Online blackjack
Video poker
Roulette
Craps
Baccarat
You also have a number of online slot games with famously fun titles to choose from, including Jurassic Park™, Game of Thrones™ (243 Ways and 15 Lines), Playboy™, and many, many more.
Royal Vegas has gained major popularity over the years because we offer over 700 games as well as a variety of banking options. Accept a warm welcome from us, and receive 1200 € in new player bonuses when you sign-up.
Royal Vegas Online Casino has earned the trust of our valued players by being part of the renowned and award-winning Fortune Lounge Group of Online Casinos, who are responsible for providing our players with a world of casino entertainment featuring a vast catalogue of online casino games and ongoing exciting casino promotions. 
  Industry leading online gaming company, Microgaming, provides our online casino with stable and reliable software infrastructure, giving players limitless entertainment with ease. Our gaming environment is safe and virus-free, and Royal Vegas is a fully licensed and regulated online casino.
Microgaming developed the first fully functional gambling software, which has led to safe online transactions becoming viable since 1994.
All transactions are protected with the same digital encryption used by major banking institutions around the world. This has been done to ensure maximum safety and privacy when players enjoy the games available on our online casino.
Did you know?
In 2016, Statista predicted that the size of the online gambling market would have a volume of $45.86 billion, which grew up to $56.05 billion by 2018
Online casino games have grown in popularity over the years because of their convenience and innovative entertainment offering
Royal Vegas offers you a world of limitless fun. Sign-up and you could stand to win one of our major life-changing jackpots!
Players can stand a chance of winning big with one of our many exclusive jackpot offerings. 
Bonuses and Promotions
We welcome our new players by awarding them with a Welcome Bonus of up to 1200 € upon sign-up:
On your first deposit – you receive 100% match bonus up to 300 €
On your second deposit – you receive 100% match up bonus to 300 €
On your third deposit – you receive 100% match up bonus to 300 €
On your fourth deposit – you receive 100% match up bonus to 300 €
Players are immediately able to access their favourite online games and play. Royal Vegas Online Casino also holds weekly promotions, which are available to our valued players. Our Rewards loyalty programme offers our players the chance to increase their winnings. The more you play, the more Rewards you earn!
Our Headline Promotions vary from month to month and offer players a new and exciting challenge each time. Join in on the entertainment today to take advantage of these exclusive offers by Royal Vegas Online Casino.
Want more great offers? Sign-up!
SIGN UP
Affiliate ProgrammeAbout UsFAQLicensing & RegulationsPromotion TermsResponsible GamingSecurity & PrivacyTerms & ConditionsSitemap
              Email Address: enquiries@digimedia.com.mt
© Digimedia Group. All rights reserved. Digimedia Ltd (C45651) is a Maltese registered company registered at Villa Seminia, 8, Sir Temi Zammit Avenue, Ta’XBiex XBX1011. Digimedia Ltd is licensed under the Malta Gaming Authority, license number: MGA/B2C/167/2008 (issued on 1 August 2018).
© 2021 Royal Vegas Online Casino"
https://www.888poker.com/,"How to Play
Deposit & Cashout
Special Offers
Tournaments
eMagazine
EN
Play Now
888POKER is made to play with
$88 FREE
NO DEPOSIT NEEDED
DOWNLOAD NOW
Terms & Conditions Instant play
Our offers
The Ultimate 1st Deposit Offer!
Invite a Friend
Hand of the Day
Play with Friends
Early Bird Rakeback
BLAST Leaderboards
24/7 Freerolls Festival
For More Promotions
Your online poker experience
Made for You
Huge Range of Poker Games
Affordable Buy-In’s
Made to Play
One-Handed Multi-Tabling
Portrait Mode
Made for Excitement
Fantastic Offers
Guaranteed Prize Pools
Recent Articles
For More Articles
The real online poker experience
888poker is one of the world’s largest and most reliable poker networks. We are a dedicated team of professionals who place our players at the heart of everything we do. Poker should be fun and exciting. And as such we endeavour to create a poker platform to please as many poker players as possible. Our customers will find us to be a safe and secure environment where they can enjoy the poker games they love. Join in the action today and take advantage of all we have to offer.
Global Brand
Join poker players from all over the world and discover why they love 888poker. Our online poker room has thrilling real money poker games. Loads of new players join every day, so you’re sure to find a table to suit you.
Learn how to play
Playing has never been easier. With our simple to use software and online guides you won’t get lost. Learn with our free play mode, and you can also play free online poker to test your skills. Improve your game with lessons on hand rankings, poker strategy and terms.
Just for You
No matter who you are, or what kind of game you play, we have a table or tournament for you. We believe in giving you the best poker experience possible. This means great poker bonuses, free spins and tournament tickets. We are made to play because you deserve a fantastic poker experience.
Poker Games & Tournaments
We offer a huge range of poker, including Texas Hold’em, Omaha, online poker series and PKO tournaments as well as cash games. We also have exciting variants like BLAST, Jackpot Sit & Go and SNAP fast-fold poker.
Safe & Secure
We take your security very seriously. We offer you support at every stage, from depositing money to playing responsibly. We make sure you can play online poker games knowing you are protected.
888poker Ambassadors
Some of the world’s best also enjoy playing here including Dominik Nitsche, Chris Moorman, Vivian Saliba, Martin Jacobson, and Kara Scott. They are all ambassadors for 888poker and you will often see them at our live events, poker tournaments or in streams.
Download Now
Instant play
About Us
About Us
Bonus Policy
Fair Play
Responsible Gaming
User Agreement
Security & Privacy
888 Affiliates
Online Help
Community
eMagazine
888 News
Live Events
888Poker Shop
Poker Info
How to Play Poker
Poker Strategy
Rules
Hands Rankings
No Deposit Bonus
PayPal
Promo codes
Poker games
Texas Hold'em
Omaha Hi
Omaha Hi Lo
7 Card Stud
Snap
Blast
Follow us
                             
SAFER. BETTER. TOGETHER.
Playing responsibly within limits
Copyright 2021, the 888 Group. All rights reserved.
888 Holdings plc is listed on the London Stock Exchange.
Virtual Global Digital Services Limited is licensed and regulated to offer online gaming services under the laws of Gibraltar (Remote Gaming License Numbers 112 and 113) and makes no representation as to legality of such services in other jurisdictions.
Our services in the UK are operated by 888 UK Limited, a company incorporated in Gibraltar. 888 UK Limited is licensed and regulated in Great Britain by the Gambling Commission under the account number 39028.
Our services in European Single Market member states (except for states in which our services are provided under a local license) are operated by Virtual Digital Services Limited, a company incorporated in Malta which is part of the European Union.
Virtual Digital Services Limited operates under the auspices of a gaming license provided under the laws of Malta - MGA/CRP/543/2018 issued on the 11/10/2019.
Our betting products are operated in Ireland by 888 (Ireland) Limited, a company incorporated in Malta, which is licensed and regulated by Ireland's Revenue Commissioners.
The address of our Gibraltar based companies is: 601-701 Europort, Gibraltar.
The address of our Malta based companies is: Level G, Quantum House, 75, Abate Rigord St., Ta’ Xbiex, XBX 1120, Malta
Gambling can be addictive, please play responsibly. For more information on support tools, please visit our Responsible Gambling page"
https://www.rubyfortune.com/,"×
We use cookies to offer you the best playing experience possible. Continue browsing if you are happy. Please read our cookie policy for more details.
=
 







750 € BONUS
Over 450 casino games
Promotion Terms
Sign up
1st / 2nd / 3rd Deposit - Match Bonus up to 250 € • New customers only • Min deposit 10 € • 70x wagering • Terms Apply

Casino Games

Slots

Blackjack

Roulette

Table Games

Jackpots

Video Poker

Live Dealer
Ruby Fortune Casino – You’re Invited!
Are you looking for an online gaming experience that pulsates with glamour, glitter, and luxury? Ruby Fortune Casino delivers this, and a whole lot more!
With us, you can take gaming to the next level. Here, only the best will do. It was like that when we launched in 2003, and that is what you can expect now. Welcome to premium online casino entertainment. Welcome to Ruby Fortune Casino.
Top Game Selection
Slots, Blackjack, Roulette, Poker and more.
Learn More › Sign up ›
Wherever You Go
Take Ruby Fortune With You
You probably have an Android, iOS, or other smartphone or tablet. Put it to good use by taking the premium offerings of Ruby Fortune wherever you go. Our mobile casino is replete with the best games, as well as bonus offers and other promotions, and it offers you easy access to our banking and customer support services.No matter where you are, you can dazzle things up and add a touch of class.
Learn More ›
Mobile Casino
Play casino games on the go.
Learn More › Sign up ›
Great Mobile Gaming
Excellent Mobile Gaming
The enthralling action of Ruby Fortune’s casino games is not limited to your computer. Whether your preference is to spin reels or bet at the tables, our mobile games are all you need.

The Slots with 3 reels, 5 reels, and bonus features you love, as well as Blackjack, Roulette, Video Poker and more, are all there.
Learn More ›
Mega Moolah
Biggest Online Jackpot with $1,000,000 Win Guaranteed
Learn More › Sign up ›
How may I help you?
24/7 Friendly Chat Support
Learn More › Start Chat ›
Live Casino
Experience Live Casino in HD.
Learn More › Sign up ›
Game of the Month.
Fresh pick every month selected by our team for you!
Learn More › Sign up ›
Best VIP Experience
Personal Ruby Fortune Casino Host and Exclusive Bonuses.
Sign up ›
Swift Banking
Modern, Secure, Fast & Simple
Learn More › Sign up ›
Happy Winners
Will you be the next winner?

€8024.67
Mystic Dreams


€1145.35
Dragon Dance



Magic Spell



Atlantic City Blackjack



Rabbit in the Hat



Hell's Grannies



Jacks or Better



Thunderstruck II
Learn More ›
Over 450 Quality Casino Games
When viewed through a telescope, a tiny cluster of stars known to astronomers as the Jewel Box appears. It glitters and shimmers with possibilities, much like the cutting-edge casino games you can play at Ruby Fortune online.
Peruse our collection at your convenience, find the slots and table games you love, and enjoy luxurious opportunities to win real money. Powered by Microgaming, our immersive games boast graphics, animations, and other effects that need to be experienced.
Spin 3-reel, 5-reel, video, and other online slots, and play different versions of Roulette and Blackjack. Let a treasure trove of other games such as Craps, Video Poker, Baccarat, as well as progressive jackpot games and many more, keep you thrilled and fulfilled. Who knows? One lucky bet could reap rewards with which you could amass a hoard of precious stones to rival the Jewel Box itself.
Take Ruby Fortune With You
You probably have an Android, iOS, or other smartphone or tablet. Put it to good use by taking the premium offerings of Ruby Fortune wherever you go.
Our mobile casino is complete with the best games, as well as bonus offers and other promotions, and it offers you easy access to our banking and customer support services. No matter where you are, you can dazzle things up and add a touch of class.
Excellent Mobile Gaming
The enthralling action of Ruby Fortune’s casino games is not limited to your computer. Whether your preference is to spin reels or bet at the tables, our mobile games are all you need.
The slots with 3 reels, 5 reels, and bonus features you love, as well as Blackjack, Roulette, Video Poker and more, are all there. With our mobile casino you can turn every spare moment into one filled with fun – and jackpot wins.
Live Casino Luxury for You
At Ruby Fortune Casino, the action and entertainment extends beyond offering only the very best standard casino games. You also have the option of playing classic and contemporary casino games against real live dealers, in a real casino environment.
Our live games are powered by Evolution Gaming, a world leader in the provision of live casino gaming services and software. Cutting-edge tech brings you up close and personal with charming dealers who have all qualified with flying colours at the provider’s training facility. Follow the action in HD video streaming, chat to the dealers and other players using live messaging, and do what you need to do to win, with ease and total peace of mind.
A Safe and Secure Online Casino
At Ruby Fortune, quality goes hand-in-hand with reliability, security, and trustworthiness. This is exactly what puts the shine on our online casino.
We are also fully licensed and endorsed by independent regulator eCOGRA. This means you’ll always enjoy fair play, encrypted banking, easy deposits for credit cards, e-wallets, prepaid cards and more, fast withdrawals, and friendly and professional support via live chat and email.
With phenomenal bonuses that add even more sparkle to your gaming and a payout ratio in excess of 97%, you’ll want to play with us!
Casino Links
Home
Casino Games
Slots
Blackjack
Roulette
Mobile Casino
More Links
Frequently Asked Questions
Terms & Conditions
Promotion Terms
Security and Privacy
Responsible Gaming
Affiliate Program
Payout Percentages
Quick Links
Contact Us
Promotions
Loyalty Club
VIP
Blog
Sitemap
Bayton Ltd (C41970), is a Maltese registered company registered at Villa Seminia, 8, Sir Temi Zammit Avenue, Ta' XBiex XBX 1011. Bayton Ltd is licensed under the Malta Gaming Authority, license number: MGA/B2C/145/2007 (issued 1st August 2018)."
https://bigspincasino.com/,"CASINO
BONUSES
BANKING
SUPPORT
JOIN
LOGIN
Previous
Next
Featured Games
Live Casino
Table Games
3D Slots
Slots
Video Poker
Other Games
BlackJack Multi Hand
BlackJack Single Deck
Book of Darkness
Spooktacular Spins
Baccarat
Jackpot Blackjack
Blackjack Tournament
Dim Sum Prize
Fruity Way
Kraken Deep Wins
Primal Hunt
Gold Canyon
Sweet Treats 2
New Roulette
Quest To The West
Fruit Loot Tournament
WAR
Back To Venus
American Roulette
Mystic Hive
Monster Pop
Take the Bank
Viking Voyage
Chilli Pop
Weekend In Vegas
European 7 Handed Blackjack
The Angler
American 7 Handed Blackjack
Dragon & Phoenix
Carnaval Forever
Fa-Fa Twins
Tiger's Claw
Faerie Spells
Yak, Yeti & Roll
Mr. Vegas
Single Deck Blackjack
Blood Eternal
Reels Of Wealth
Fruitbat Crazy
Craps
BEST ONLINE CASINO
If you are looking to play real money online casino games you’ve come to the right place. Choose from over 400+ games, play for the biggest jackpots and get paid quick when you win.
24/7 SUPPORT
Our friendly customer service staff is available to help with your needs 24 hours a day, seven days a week. Simply call us to our toll-free number, email our support team or go online where our live chat team will be at your disposal.
EASY ACCOUNT CREATION
It’s easy to create an account with BigSpin. Simply fill out your personal information, select your password, verify your birthdate and add a promo code to get your amazing sign-up bonus. After you submit your account information you will receive an SMS validation link to successfully activate your account. It’s that EASY!
DAILY BONUSES
Take advantage of our daily bonuses! Every day of the week BigSpin will have special bonuses and promotions that guarantee you’ll have fun every day of the week! Sign up today and start your winning streak NOW! Remember, all it takes is one BIG SPIN to WIN BIG!
INFORMATION
ABOUT US
FAIR GAMING
PRIVACY POLICY
COOKIE POLICY
RESPONSIBLE GAMING
PLAYER SUPPORT
BANKING
FAQ
CONTACT US
TERMS AND CONDITIONS
BONUSES TERMS AND CONDITIONS
ONLINE CASINO
LIVE CASINO
ONLINE SLOTS
JACKPOT GAMES
ONLINE ROULETTE
ONLINE BLACKJACK
OTHER LINKS
BLOG
SITEMAP
AFFILIATES
REAL MONEY CASINO
FULLY RESPONSIVE
CONNECT WITH US
BigSpinCasino is a world class online casino that operates and hosts the most advanced online casino gaming products. BigSpinCasino is incorporated, licensed and regulated by the Government and Laws of Curacao. BigSpinCasino has full SSL Security to guarantee your protection.
At BigSpinCasino our goal is to provide every player with the best customer service, gaming software, easy processing and overall excellent experience. We also wish that our players have fun and enjoy our product in a responsible manner. That’s why we support and recommend all users to gamble responsibly and to only use our online casino as a means of entertainment and not a way of earning money.
© 2021 BIGSPIN - PRIVACY POLICY - TERMS AND CONDITIONS"
https://affiliates.juicystakes.eu/,"Home
Program Details
Contact Us
PLAYERS ONLINE
131
email
password
  remember me  
    Forgot My Password  
Contact us at: affiliates@juicystakes.eu"
https://www.mfortune.co.uk/,"Join Login
mFortune Mobile Casino
The Best Online Casino UK
Welcome to mFortune Online Casino in 2021. Come on in and experience our exclusive online slots, vibrant bingo rooms and casino classics – anytime, anywhere!
Play for free in demo mode or see if you can spin and win one of our huge progressive Jackpots from as little as 1p a spin.
mFortune is the only home of these exclusive games which you can play on the majority of smartphones and tablets, with many games – including mFortune Bingo – playable on your desktop or laptop computer.
As well as exclusive mobile slots you can’t play anywhere else, mFortune is home to classic casino games such as BlackJack and Roulette. Enjoy the thrill of a Vegas casino on your phone, tablet or computer – anywhere you like! – with these classic table games.
Sign up today, and use your up to £10 free no deposit welcome bonus, to try us out.* We’re sure you’ll love your stay.
18+. New players only. Registration bonus applied upon activation of first and only mFortune account. Full T&Cs apply.
Exclusive Slots Games
Generous Online Casino Bonuses
Online Bingo On-The-Go
mFortune WebLauncher
T&Cs apply.
18+. Up to 30 (18p) free spins available. Winnings awarded as bonus credit with a 20x wagering requirement. Expires after 24hrs. Max withdrawal from bonus winnings £50. Ends: 12/05/21. T&Cs apply, BeGambleAware.org
mFortune Games
Home
Slots
Casino
Bingo
Online Casino & Slots Games
New
£435,485.59
New
£435,485.59
New
£435,485.59
New
£435,485.59
£435,485.59
New
£435,485.59
£49,866.69
£538,751.77
Top Online Casino Games
£435,485.59
£435,485.59
£435,485.59
£65,958.93
£435,485.59
£41,575.05
£48,157.75
£435,485.59
£435,485.59
£112,471.77
£435,485.59
Live Winners
JOIN TODAY!
Casino Bonus Offers & Promotions
18+. New players only. Welcome bonus expires after 7 days. Up to 10 (20p) free spins on Super Win 7s for 10 days, Min Deposit £10. Winnings paid as bonus credit. Expire 00:00 every day. Max withdrawal from free spins and welcome bonus winnings £50. Up to 200% deposit match of first deposit (Min £10). Max £100 awarded as bonus credit. 20x wagering on bonus credit. Withdrawing Unspent Qualifying Deposit will exclude the player from these promotions. T&Cs apply BeGambleAware.org
18+. New players only. 20x wagering requirement. Expires after 7 days. Max withdrawal from bonus winnings £50 T&Cs apply, BeGambleAware.org
18+. Referred friends must verify account for award of £5. 50% deposit match received when the referred friend has played through their first deposit. Max Bonus £100. Bonuses subject to 20x wagering requirement. Expires after 7 days. Max withdrawal from bonus winnings £50. The referred player withdrawing Unspent Deposit will exclude the referrer from this promotion. T&Cs apply, BeGambleAware.org
All Bonuses & Promotions
By browsing www.mfortune.co.uk, you agree to our use of cookies. To find out more, please visit our Privacy Policy
Casino Menu
Bonuses & Promotions Deposit by Phone Bill Online Slots Casino Games Bingo Bingo Loyalty Shop mFortune Login
Important Info
Live Chat Help Wagering Requirements Responsible Gambling Game Records
mFortune Casino
News Affiliates Careers Privacy and Cookies Policy Terms and Conditions GamCare Certification
Promotional Terms and Conditions
Section 6: Valid Stakes, Bets or Wagers
You may stake up to the amount of the balance available in your Account. We do not offer Accounts with a credit facility.
Winnings which are generated from promotional free spins will go into your Bonus Credit Account.
When a bet or stake is placed and confirmed, the corresponding amount is deducted from your Account balance.
Game specific rules will be made available to you when you start playing a game. These rules can be located on the Website and within each game. These are referred to as the Rules of the Games. It is your responsibility to read and understand these game specific rules before you start playing.
It is your responsibility to check that the bet instructions you have submitted are correct before committing to play.
Winnings from deposits will go into your Cashable Credit Account.
All bonuses (including winnings from promotional free spins) will be credited to your Bonus Credit account and are subject to the Bonus Credit Wagering Requirement. Winnings from Bonus Credit will also be credited to your Bonus Credit account.
Once your Bonus Credit Wagering Requirement Balance is £0, any remaining Bonus Credit will automatically be transferred as winnings to your Cashable Credit account.
If your Bonus Credit Account Balance is £0, you should contact us to remove any remaining wagering requirements from your account. You can contact our Customer Support team on 01384 884468.
In the event that you withdraw Cashable Credit before you have met your Bonus Credit Wagering Requirement (i.e. before your Bonus Credit Wagering Requirement Balance is £0) your Bonus Credit and Bonus Credit Wagering Requirement will be reduced by the same percentage that you have withdrawn from your Cashable Credit. By way of example only: you have made a first deposit of £10, credited to your Cashable Credit account, and received a first deposit match bonus of £10, credited to your Bonus Credit account; your Bonus Credit Wagering Requirement Balance is £200 (i.e. 20 x bonus of £10); you play through your £10 deposit once on a slots game and win £50. Your Bonus Credit Wagering Requirement Balance is unchanged (as you have not yet staked any Bonus Credit); you are free to withdraw the £50 winnings, stored in your Cashable Credit account, but you choose to only withdraw £25 (i.e. 50%); as your Bonus Credit Wagering Requirement Balance is not yet £0, you will forfeit 50% of your Bonus Credit (reducing it to £5) and your Bonus Credit Wagering Requirement Balance will be reduced by 50% (reducing it to £100).
If bonus abuse is discovered we may at our discretion remove rewards as outlined in section 7b.
In the event that you stake both Cashable Credit and Bonus Credit, any winnings will be applied proportionately to your Cashable Credit and Bonus Credit accounts and your Bonus Credit Wagering Requirement Balance will be reduced only by the amount of Bonus Credit used. By way of example only: you have deposited £5, credited to your Cashable Credit account, and have received a first deposit match bonus of £10, credited to your Bonus Credit Account; your Bonus Wagering Requirement is £200 (i.e. 20 x bonus of £10); you elect to stake £10 on a slots game; as you do not have enough Cashable Credit to cover your stake, the remaining £5 (50%) will be deducted from your Bonus Credit and your Bonus Credit Wagering Requirement Balance will be reduced by £5 to £195; you win £50; £25 of your winnings (i.e. 50%) will be credited to your Cashable Credit account; and £25.00 of your winnings (i.e. 50%) will be credited to your Bonus Credit account.
When betting on our betting and gaming products, the percentage of your stake that will contribute to the Bonus Credit Wagering Requirement is as follows:
Betting and Gaming Product %
Slots 100
Bingo 500
Roulette 10
Blackjack 10
When playing with Bonus Credit winnings from Casino games, the wagering contribution taken from the remaining bonus wagering will be the contribution % of the Casino game that the winnings came from, regardless of which game in being played. For example, if you win £10 on Roulette, then play with that £10 in a Slots game, the wagering contribution for the slots play will be 10% (the Casino game Wagering Contribution).
Stakes from your Account will be made in this order:
free spins (if any);
any amounts in your Cashable Credit Account which comprise of winnings from bonus credit;
any amounts in your Cashable Credit Account which comprise of winnings from deposits;
any deposited amounts in your Cashable Credit Account; and
any bonus amounts in your Bonus Credit Account.
By placing a real money bet, you warrant that you are legally able to do so within your jurisdiction and that you accept that we are unable to provide any warranties as to the legality or otherwise of your participation in real money play. It is your responsibility to determine if remote gambling is legal in your jurisdiction.
In the event of a disconnection from the service whilst you are using our betting and gaming products, you are advised to log back in as quickly as possible. If you experience disconnection difficulties on a regular basis, please consult your service provider as to what measures can be initiated to help reduce this risk. We shall not be responsible for any damages, liabilities or losses suffered as result of the disconnection of Players during play.
Section 7: Bonuses
Section 7a: General rules applicable to bonuses
We offer a number of opportunities for Players to qualify for bonus money which is added to a Player’s Bonus Credit Account. This includes, for new Players, the Introductory Free Spins and the Deposit Match Bonus. Other bonuses are available from time to time. All bonuses can be used to win real money.
All bonuses will be subject to successful verification of your identity (Name, Address and Date of Birth). No bonuses can be used until the process is complete.
Bonuses will be added to your Bonus Credit Account. All bonuses are subject to the Bonus Wagering Requirement and specific game stake contribution % as stated in Section 6 Term 38. Winnings arising out of Bonus Credit will also be credited to your Bonus Credit Account. When you have met your Bonus Credit Wagering Requirement, any remaining Bonus Credit will be transferred as winnings to your Cashable Credit account.
You will receive regular updates advising you of bonuses received.
From time to time we may offer bonuses that, if not used, expire after a certain time period. Please note that if the bonus is not used within this time period, it will disappear from your Account.
If you sign up to a promotion offering a free bonus or free spins without the need to make a deposit the maximum withdrawal that you can make is £50 on mFortune if you are a UK Player and £50/ 50 euros/ $50 or other currency equivalent if you are a non-UK Player. This withdrawal limit applies to each promotion of this type providing you have made at least one deposit on your respective account. If you have not made any deposits then this withdrawal limit is applied throughout the lifetime of your respective account for funds won from promotions of this type.
Full T&Cs for Casino Bonuses
UK BASED
Contact
© 2021 mFortune. mFortune is operated by In Touch Games Limited of Fountain House, Great Cornbow, Halesowen, West Midlands, B63 3BL - 01384 884468. In Touch Games Limited is licensed and regulated in Great Britain by the Gambling Commission under account number 2091.
Terms & Conditions
FACEBOOK
  begambleaware.org"
https://www.casinorex.com/,"CREATE ACCOUNT
LOGIN
GET UP TO €1000 BONUS
+ 100 FREE SPINS
CREATE ACCOUNT
STUDIOS
CasinoRex - Your Online Casino Club # 1
Looking for the best online casino gaming platform? - You have come to the right place! CasinoRex is a mine of the best online gambling, fast payouts, and big jackpots! The CasinoRex website has games for everyone. Beginners, pros, high rollers, and players with a small budget – everyone will be delighted with the range of games and bonuses. While playing at CasinoRex, everybody has a chance to win without investing personal funds in Fun-Modus. On this site, you will find only licensed software tested by independent companies, in CasinoRex RNG and RTP correspond to the stated indicators.
CasinoRex - Play Free and Win!
We encourage new players in every possible way, and therefore at CasinoRex, you will find many bonuses, including no deposit bonuses. The goal of such generosity is simple - in a highly competitive environment, it is quite difficult to attract a new audience, which is why we provide the best bonuses for our players. Receiving a no deposit bonus for registration, a player has no risks and obligations. The only thing you can lose is your time.
Before starting the game for bonuses, registration is required, which will not take much of your precious time.
Be sure to read the rules of the casino before accepting the bonus or ask our support specialists about the rules. All bonuses require wagering.
Only a few online casinos give so high bonus money for the players to play. If there is an opportunity to make money almost without investments, it is a pity not to take advantage of it. In addition to playing for bonuses, at CasinoRex you can try all games (except Live) free of charge in Fun-Modus and without registration.
The Range of the Games at CasinoRex
By playing proven games in a licensed casino, you always have a chance to win. In CasinoRex, not only do all the games meet quality standards, but there is also a huge variety.
At CasinoRex you can play such famous games as:
Online slot machines are the favorite game of most gamblers around the world. The main goal of which is to wait for a winning combination or get bonuses/bonus rounds. This game is one of those that are easy to learn, but hard to master, which automatically makes it accessible and interesting for both beginners and professionals. Many of the classic one-armed bandits that you could play in real casinos have migrated online with improved bonuses and graphic designs.
Online lotteries , also known as scratch cards, are simple entertainment that boils down to erasing individual fields with symbols. To win, you need to make a line of the same symbols.
Blackjack is the second game from the category of easy to learn, but hard to master, where you need to make a combination of cards better than the dealer's, but no more than 21 points. A twenty-one-point hand is called a blackjack.
Roulette - as it is also called the Queen of the Gambling Club. A very popular and aristocratic form of gambling. Roulette bets can be different: on a specific number, colors, even / odd, dozens, etc. If you have not encountered roulette before, we strongly recommend trying it out first in demo mode for free, and only after that try to play for real money.
Live dealer games at CasinoRex is the most interactive format of gambling entertainment, which does not leave any gambler indifferent. For the last two years, live games in online casinos have been very popular among players. Live mode is notable for the fact that the game actually takes place in a real casino studio and is broadcast live to the player. You can feel the whole atmosphere of a real casino in this format. The most popular live casino games are roulette, blackjack, poker, and baccarat.
Baccarat is a card game of aristocrats in which a total pot is played. It is played against the banker (croupier), the winner is the one who scores 9 points, or a combination as close as possible to this value.
The Most Popular Slot Machines at CasinoRex
All casino slot machines have 1 significant personality, which is considered their main advantage: they make it possible to win discouraging sums of money, even if you play at the lowest bet rates.
Today, the variety of slots can shock even experienced players. Indeed, in the world, there are about ten thousand developments from different manufacturers of casino software. And for those who are too lazy to figure it out and look for the best option, or just wondering which online slots are considered the best, we present a selection of the five most popular slot games at CasinoRex, namely:
Book of Ra;
Wolf Gold;
StarBurst;
Sizzling Hot;
Big Bad Wolf.
It is very easy to understand the rules of the slot game, and sometimes the whole game process comes down to pressing the button to spin the reels and placing a bet. But if you find it difficult to understand the rules – you can find in any game a reference section (letter I on the screen), where every rule is detailed.
CasinoRex is a Great Mobile Online Casino as well!
Everyone sees where the development of technology is going, everything decreases in sizes and becomes portable to match the rhythm of life of the population of our beloved planet. Even online gambling has moved into portability. And this is not strange, because today almost every person has a smartphone. With it, you can play, chat, watch movies, etc. The modern telephone has replaced 50 different devices for us becoming like a ""Swiss knife"". CasinoRex is a progressive club and is naturally supported by all mobile devices based on Windows, Android, iOS, and Blackberry operating systems.
CasinoRex values the comfort of its players. Playing at the CasinoRex club - you are relaxing, and we are working to make you comfortable!
BONUS TERMS
PAYMENTS
TERMS AND CONDITIONS
PRIVACY POLICY
RESPONSIBLE GAMING
COMPLAINTS
GAMES RULES
REGISTRATION PROCEDURE
AFFILIATES
PARTNERS
EN
Gambling can be addictive and you need to play responsibly. In case you have serious concerns about your gambling habits or have a family member affected by gambling addiction, please get in touch and seek help here
Copyright © 2020 Casinorex.com is owned and operated by N1 Interactive Ltd, a company incorporated under the laws of Malta with registration number C 81457 and registered address at 206, Wisely House, Old Bakery Street, Valletta VLT1451, Malta. Casinorex.com is licensed and regulated by the Malta Gaming Authority under the licences: MGA/B2C/394/2017 (issued on 01/08/2018).
TM 2020 CasinoRex, Inc. All rights reserved.
We use cookies to improve your experience. By using our website you are accepting our Cookie Policy
OK"
https://www.gambling-affiliation.com/,"Cookies
To provide our visitors with the best experience and to ensure our services work properly, we use 'cookies'. By browsing our website and utilizing our services, you agree to the placement and use of cookies on your device, including third parties cookies. Learn More I Agree I Disagree
GAMBLING - AFFILIATION.COM
Leading independent iGaming affiliate network
Username
New password
Forgot your password?
Home
Affiliates
Advertisers
Campaigns
Careers
About us
75 + iGaming brands
to promote



We are Gambling Affiliation
We are an affiliate network dedicated to the iGaming industry
Sportsbook - Casino - Poker - Horse Racing - Finance
SEE OUR PORTFOLIO OF CAMPAIGNS
For Affiliates
Manage all your iGaming affiliate campaigns from only one account
Gambling Affiliation provides to affiliates over 250 iGaming affiliate campaigns for sports betting, poker, casino, horse racing and more. From a single account, you will be able to manage all your campaigns, get your marketing material and run statistic reports for all the campaigns you will choose to promote.
  For Advertisers
Join one of the leading Affiliate Network in the iGaming industry
Gambling Affiliation is a network of over 35000 affiliates dedicated exclusively to the iGaming industry. Every month we recruit thousands of active players for our advertisers (gaming operators) all over the world. By starting a partnership with Gambling Affiliation, you are guaranteed wide exposure on the internet with the potential of attracting a great number of new customers daily.
  REGISTER AN AFFILIATE ACCOUNT
CONTACT OUR MANAGERS
250+
campaigns
75 brands
to promote
35000+
Affiliates
13 years
of experience
1 point of contact.
Gambling Affiliation
Gambling Affiliation
32, Regent House, Bisazza Street,
Sliema SLM1640 MALTA
Copyright ® 2006-2021 Net Business Ltd
Affiliates
Advertisers
Cookies Policy
Contact Us
About us
Privacy Policy
Social
Payment"
https://www.mrspin.co.uk/,"Join Login
Mr Spin Mobile Casino
Mr Spin Online Casino – Home of Free Spins
As a mobile casino connoisseur, there are a couple of things that you can expect here at Mr Spin: exciting, high-quality online slots that you can play anywhere, any time. We have regular, generous free spins bonuses, as well as Mr Spin’s huge progressive Mega Jackpot!
It’s time to let the fun times roll here at Mr Spin, and get your hands on our free spins no deposit bonus of up to 50 free spins*, just for signing up! What’s more, all of our new casino players can get their first deposit matched up to 100% – up to £100* by Mr Spin too. See? Told you he was unike other casinos…
What are you waiting for? Sign up for your Mr Spin account today, grab some great bonuses, and see if you can spin in a win on any of our exclusive online slots games! Enjoy the best online casino in 2021!
*T&Cs apply – 20x wagering applies to bonus credit
Best and Original Slots Games
Providing a vast variety of exceptional slots games that offer the most popular themes, unique and exciting feature games, and the highest level of detail in our design—Mr Spin mobile casino is regarded as the Slots Master of entertainment!
Whether you want to dance the night away with our festival-themed slots, or prefer our classic range of iconic fruity slots games, there’s something for everyone here at Mr Spin’s mobile casino. Not only do we have a huge variety of online slots, but we also offer our players other casino classics such as, Roulette and Bingo here too!
With slots of fun to be enjoyed by all, from traditional fruity retro reels or modern-themed slots, you’re bound to find something for yourself here, that you enjoy This includes a spin-tacular no deposit bonus on us, when you register with Mr Spin mobile casino today! Other than no deposit bonuses, you can also play free slots with the demo-mode.
New Player Registration Bonus
As a new player, you can instantly receive a no deposit bonus when you register, which you can use to explore all of the online original slots games offered here at Mr Spin online casino!* Add some comfort to your slots entertainment, and go on to download the Mr Spin app, for instant access and enjoyment, at your very own convenience!
So whether you want to blast off with space-themed slots, see if you can spin in a win on royal-themed slots, or play animal-themed mobile slots games, our mobile casino connoisseur has made sure there’s something for everyone at Mr Spin.
Not one to give these reels a run for their money? Don’t worry, we also have Bingo rooms that are stacked with rolling numbers that could leave you shouting ‘BINGO’! We also put a different spin on our reels with a round of roulette, if casino classics are something you prefer!
*T&Cs apply – 20x wagering applies to bonus credit
Free Spins Bonus for Existing Players
For our existing players, the bonuses don’t end when you sign up either! Mr Spin loves to reward his loyal players with a no deposit free bonus, which you can receive through loyalty rewards, refer-a-friend bonuses and our regular promotional offers too!*
With no deposit free bonuses, you can enjoy any of our spin-sational slots games, give our roulette wheel a roll, or have a go on the ol’ BINGO! Either way, it’s your bonus and your choice!
You can receive any of our offers through our weekly SMS messages, or head on over to our social media page and give us a like, as we make sure to keep you up to date on any of our no deposit free bonuses, new mobile slots game releases, or promotional competitions to spin yourself a chance for a possible bonus!
*T&Cs apply – 20x wagering applies to bonus credit
How To Claim Free Spins No Deposit Bonus



Even More Free Spins Casino Bonuses Await

Pay by Phone UK Casino
Keep The Real Money You Win in Mr Spin
Online Bingo Casino With Exciting Bonuses
Mr Spin WebLauncher
T&Cs apply.
18+. Up to 30 (18p) free spins available. Winnings awarded as bonus credit with a 20x wagering requirement. Expires after 24hrs. Max withdrawal from bonus winnings £50. Ends: 05/05/21. T&Cs apply, BeGambleAware.org
Mr Spin Games
Slots
Bingo
Roulette
Online Slots Games
New
£257,375.64
New
£257,375.64
New
£257,375.64
New
£257,375.64
£257,375.64
£257,375.64
£257,375.64
£257,375.64
£257,375.64
£257,375.64
£257,375.64
£257,375.64
£257,375.64
£257,375.64
£257,375.64
£257,375.64
£257,375.64
£257,375.64
£257,375.64
£257,375.64
£257,375.64
£257,375.64
£257,375.64
£257,375.64
£257,375.64
£257,375.64
£257,375.64
£257,375.64
£257,375.64
£257,375.64
£257,375.64
£257,375.64
£257,375.64
£257,375.64
£257,375.64
£257,375.64
£257,375.64
£257,375.64
£257,375.64
£257,375.64
£257,375.64
£257,375.64
£257,375.64
£257,375.64
£257,375.64
£257,375.64
£257,375.64
£257,375.64
£257,375.64
£257,375.64
£257,375.64
£257,375.64
£257,375.64
£257,375.64
£257,375.64
£257,375.64
Bonuses & Promotions
18+. New players only. Up to 50 (20p) free spins on for Reel Royalty. Winnings paid as bonus credit with 20x wagering requirement. 7 days expiry. Max withdrawal from bonus winnings £50. T&Cs apply, BeGambleAware.org
18+. New players' first deposit only. Max bonus amount £100, decided by lobby game. 20x wagering requirement. 30 days to claim. 7 days expiry once claimed. Withdrawing Unspent Qualifying Deposit will exclude the player from these promotions. T&Cs apply BeGambleAware.org
Individual promotional terms will apply.
All Bonuses & Promotions
By browsing www.mrspin.co.uk, you agree to our use of cookies. To find out more, please visit our Privacy Policy
Casino Menu
Bonuses and Promotions Pay by Phone Bill Online Slots Bingo Mega Jackpot MrSpin Login
Important Info
Live Chat Support Wagering Requirements Responsible Gambling Game Records
Mr Spin Casino
News Affiliates Terms and Conditions GamCare Certification Careers
Social Media
Facebook
Promotional Terms and Conditions
Section 6: Valid Stakes, Bets or Wagers
You may stake up to the amount of the balance available in your Account. We do not offer Accounts with a credit facility.
Winnings which are generated from promotional free spins will go into your Bonus Credit Account.
When a bet or stake is placed and confirmed, the corresponding amount is deducted from your Account balance.
Game specific rules will be made available to you when you start playing a game. These rules can be located on the Website and within each game. These are referred to as the Rules of the Games. It is your responsibility to read and understand these game specific rules before you start playing.
It is your responsibility to check that the bet instructions you have submitted are correct before committing to play.
Winnings from deposits will go into your Cashable Credit Account.
All bonuses (including winnings from promotional free spins) will be credited to your Bonus Credit account and are subject to the Bonus Credit Wagering Requirement. Winnings from Bonus Credit will also be credited to your Bonus Credit account.
Once your Bonus Credit Wagering Requirement Balance is £0, any remaining Bonus Credit will automatically be transferred as winnings to your Cashable Credit account.
If your Bonus Credit Account Balance is £0, you should contact us to remove any remaining bonus wagering requirements from your account. You can contact our Customer Support team on 01384 884466.
If bonus abuse is discovered we may at our discretion remove rewards as outlined in section 7b.
In the event that you carry out a Cashable Credit reverse withdrawal (i.e. make a request to withdraw available Cashable Credit which you then reverse in order to continue staking those funds), we will proportionally reverse any reductions to your Bonus Credit and Bonus Credit Wagering Requirement Balance. By way of example only, continuing from the example above: you decide to reverse your requested withdrawal of £25; your Cashable Credit will increase to £50 (being your reverse withdrawal of £25 plus the £25 balance in your Cashable Credit account); your Bonus Credit will increase to £10 and your Bonus Credit Wagering Requirement Balance will increase to £200.
In the event that you stake both Cashable Credit and Bonus Credit, any winnings will be applied proportionately to your Cashable Credit and Bonus Credit accounts and your Bonus Credit Wagering Requirement Balance will be reduced only by the amount of Bonus Credit used. By way of example only: you have deposited £5, credited to your Cashable Credit account, and have received a first deposit match bonus of £10, credited to your Bonus Credit Account; your Bonus Wagering Requirement is £200 (i.e. 20 x bonus of £10); you elect to stake £10 on a slots game; as you do not have enough Cashable Credit to cover your stake, the remaining £5 (50%) will be deducted from your Bonus Credit and your Bonus Credit Wagering Requirement Balance will be reduced by £5 to £195; you win £50; £25 of your winnings (i.e. 50%) will be credited to your Cashable Credit account; and £25.00 of your winnings (i.e. 50%) will be credited to your Bonus Credit account.
When betting on our betting and gaming products, the percentage of your stake that will contribute to the Bonus Credit Wagering Requirement is as follows:
Betting and Gaming Product %
Slots 100
Bingo 500
Roulette 5
Blackjack 5
When playing with Bonus Credit winnings from Casino games, the wagering contribution taken from the remaining bonus wagering will be the contribution % of the Casino game that the winnings came from, regardless of which game in being played. For example, if you win £10 on Roulette, then play with that £10 in a Slots game, the wagering contribution for the slots play will be 10% (the Casino game Wagering Contribution).
Stakes from your Account will be made in this order:
free spins (if any);
any amounts in your Cashable Credit Account which comprise of winnings from bonus credit;
any amounts in your Cashable Credit Account which comprise of winnings from deposits;
any deposited amounts in your Cashable Credit Account; and
any bonus amounts in your Bonus Credit Account.
By placing a real money bet, you warrant that you are legally able to do so within your jurisdiction and that you accept that we are unable to provide any warranties as to the legality or otherwise of your participation in real money play. It is your responsibility to determine if remote gambling is legal in your jurisdiction.
In the event of a disconnection from the service whilst you are using our betting and gaming products, you are advised to log back in as quickly as possible. If you experience disconnection difficulties on a regular basis, please consult your service provider as to what measures can be initiated to help reduce this risk. We shall not be responsible for any damages, liabilities or losses suffered as result of the disconnection of Players during play.
Section 7: Bonuses
Section 7a: General rules applicable to bonuses
We offer a number of opportunities for Players to qualify for bonus money which is added to a Player’s Bonus Credit Account.Bonus credit is subject to a 20x wagering requirement. This includes, for new Players, the New Player up to 50 free spins and the First Deposit Match Bonus. Other bonuses are available from time to time. All bonuses can be used to win real money.
All bonuses will be subject to successful verification of your identity (Name, Address and Date of Birth). No bonuses can be used until the process is complete.
Bonuses will be added to your Bonus Credit Account. All bonuses are subject to the Bonus Wagering Requirement and specific game stake contribution % as stated in Section 6 Term 40. Winnings arising out of Bonus Credit will also be credited to your Bonus Credit Account. Once your Bonus Credit Wagering Requirement Balance is £0, any remaining Bonus Credit will automatically be transferred as winnings to your Cashable Credit Account.
When you download a game with a free bonus attached, the bonus can be claimed only once. There will be no bonuses for subsequent downloads of the same game by you.
You will receive regular updates by text message advising you of bonuses received.
From time to time we may offer bonuses that, if not used, expire after a certain time period. Please note that if the bonus is not used within this time period, it will disappear from your Account.
If you sign up to a promotion offering a free bonus or free spins without the need to make a deposit the maximum withdrawal that you can make is £50 on Mr Spin if you are a UK Player and £50/ 50 euros/ $50 or other currency equivalent if you are a non-UK Player. This withdrawal limit applies to each promotion of this type providing you have made at least one deposit on your respective account. If you have not made any deposits then this withdrawal limit is applied throughout the lifetime of your respective account for funds won from promotions of this type.
Full T&Cs for Casino Bonuses
begambleaware.org
© 2021 Mr Spin. Mr Spin is operated by In Touch Games Limited of Fountain House, Great Cornbow, Halesowen, West Midlands, B63 3BL - 01384 884466. In Touch Games Limited is licensed and regulated in Great Britain by the Gambling Commission under account number 2091.
Terms & Conditions"
https://betway.com/,"Betway uses cookies to give you the best experience possible. Please read our Cookie Policy for more details.
sports
in-play
casino
live & real
esports
vegas
blog
promotions
Log in
Register
Forgotten Password?
New Customer Offer - Option 1
Get up to €/$30 in Free Bets
Join Now
Min Deposit: €/$10. First deposit matched up to €/$30. 1 x wagering at odds of 1.75+ to unlock Free Bet. Credit Card, Debit Card & PayPal deposits only. Terms Apply
New Customer Offer - Option 2
Get up to €/$1,000 Welcome Bonus
Join Now
*New customers only. Opt-in required. 100% Match Bonus up to €/$250 on 1st deposit of €/$20+. Additional bonuses of up to €/$250 on 2nd deposit of €/$20+ and up to €/$500 on 3rd deposit of €/$20+. 50x bonus wagering applies as do weighting requirements. Credit Card, Debit Card & PayPal deposits only. Irregular gameplay may invalidate your bonus. Terms Apply
TODAY'S OTHER PROMOTIONS
Get up to €/$30 in Free Bets!
Join
Get €/$10 in Free Bets Every Week
Opt In
Up to €/$1,000 Welcome Bonus & 450+ Games
Play
Check the Best Live Odds
Bet
Up to €/$1,000 Welcome Bonus & Daily Deals
Play
Sponsorship
Betway is proud to be the principal sponsor of West Ham United Football Club.

Our partnership sees the Betway logo feature on the front of all of the Club’s senior teams’ matchday shirts and training wear, which is on show in their new home at the 60,000 capacity Olympic Stadium in Stratford.

We're thrilled to be a part of an incredibly exciting period for the Hammers and, with a bright future ahead, we're looking forward to lots of success both on and off the pitch.
Sign Up To Be Part of the Journey
Download the Betway App
Over a million people have already downloaded it from the App Store, and now you can join them.  The Betway betting apps are now available/will be available for download from the Google Play Store.
That means you can take Betway with you on your Android device and bet on all your favourite sports markets.
Whether it’s football, tennis or any other sport, you’ll be able to bet quickly and easily with just a couple of taps.
Download the app today from the Play Store and bet your way, on the go.
Popular Casino Products
Casino
Blackjack
Slots
Roulette
Live Casino
Vegas
British soldier wins World Record £13,213,838.68
One lucky spin. That's all it took for British soldier Jon Heywood who became over £13 million richer overnight with our Progressive Jackpot Slot. And you could be next.
Heywood, of Cheshire, England, scooped the world record jackpot on a stake of just 25p. He said: “I couldn’t believe that I’d won all this money at the time – and it still hasn’t sunk in.”
The online slots jackpot continues to grow every day until someone scoops the lot. But there are other prizes up for grabs too.
What would you do with your winnings? There’s only one way to find out at Betway online casino...
Join Now
Slot Games
Starburst Slot Cleopatra Slot
Da Vinci Diamonds Slot Gonzo Quest
Mega Moolah Slot Online Slots
Bet Your Way
Back in 2006, a group of sports fanatics got together and created something amazing: a new way for you to place bets how you like, when you want and wherever you are.
Betway’s founders made it their mission to provide you with the most possible, and best possible, betting sites. They presented the opportunity for you to bet your way, whether that’s live or in-play, on any of the world’s top sporting action.
And they didn’t stop there. They incorporated some of the most thrilling casino games on the planet, from slots, roulette and blackjack, untold thrills right at your fingertips. 
So, we invite you to join us and continue the adventure that our founders started. Jump in and share the thrill with us, today.
Join Now
Betway Plus
From the first time you start wagering at Betway, you’ll be rewarded.
You'll receive a welcome offer that has been tailored to meet your gaming preferences and, what’s more, you’ll become part of our innovative loyalty scheme, Betway Plus.
Each time you wager you’ll earn Plus Points. You can use these to progress through the tiers to gain exclusive bonuses and offers that you won’t find anywhere else.
Find out more about Plus Points
Betway Corporate
Terms & Conditions
Help
Affiliate Program
Responsible Gambling
Privacy & Security
Cookie Policy
Customer Funds
Bonus Terms
Betting Help
Slots
Casino
Roulette
Blackjack
Casino Games
Live Casino
Betting
Online Betting
Betting Sites
Esports Betting
Cricket Betting
Horse Racing Betting
Tennis Betting
Golf Betting
Football Betting
Getting Started
Associates
Betway LinkedIn
Betway Glassdoor
Betting Apps
4 to score
Support
For any Betway account queries, please visit our Help page.
                                English
                                Ireland
                                Deutsch
                                Suomi
                                Français
                                Norsk
                                Português
                                en-ca
                         Betway supports Responsible Gambling
Gambling is no longer fun when you can no longer control it. Play responsibly and make use of our player protection tools in order to set limits or exclude yourself. Visit our Responsible Gambling page or contact us for further details.
  Betway is a brand managed by Betway Limited (C39710), a Maltese registered company whose registered address is 9 Empire Stadium Street, Gzira, GZR 1300, Malta. Betway Limited is licensed and regulated in Great Britain by the Gambling Commission under licence number: 000-039372-R-319367 and outside of Great Britain by the Malta Gaming Authority under licence number: MGA/B2C/130/2006. Betway Limited is registered with I.B.A.S. and is a member of IBIA.

Alternative Languages:  Deutsch Français Norsk Português"
https://www.paddypower.com/,"Responsible Gambling
Sports
In-Play
Virtuals
Lotteries
Vegas
GamesNEW
Live Casino
Bingo
Poker
Fantasy
Help
Join Now
Remember me Forgot your username / password ?
Home
Search
Football
Horse Racing
In Play
Lotteries
Greyhounds
Golf
Rugby Union
Games
Promotions
Skill Zone
Beat The Drop
Paddy's Rewards
PP News
A-Z Betting
Help & Contact
Quick Links
Football Stats
Bet Calculator
Betting Rules
Horse Racing Results
Horse Racing Commentary
Shop Locator
Give Feedback
Paddy Power Register
Display odds as
Fractional
Decimal
Power Prices
Aston Villa v Man Utd In-Play Power Prices
Was
Now
Marcus Rashford to score the first goal
9/2
11/2
More Aston Villa v Man Utd Power Prices
Play Games
Betslip
0
My Bets
PLEASE GAMBLE RESPONSIBLY More details
Warning: Although the current score, time elapsed, video and other data provided on this site is sourced from ""live"" feeds provided by third parties, you should be aware that this data may be subject to a time delay and/or be inaccurate.  If you rely on this data to place bets, you do so entirely at your own risk. The Paddy Power Rules for bet settlement still apply and as such we accept no liability for any discrepancies between information displayed here and how a bet is settled.
Responsible Gambling
About Paddy Power
Help Affiliates Security
14:26
PPB Counterparty Services Limited, having its registered address at Triq il-Kappillan Mifsud, St. Venera, SVR 1851, MALTA, is licensed and regulated by the Malta Gaming Authority under Licence Number MGA/CRP/131/2006 (issued on 01 August 2018).

PPB Counterparty Services Limited, PPB Entertainment Limited, PPB Games Limited and PPB GE Limited are licensed and regulated in Great Britain by the Gambling Commission under account numbers 39439, 39426, 39411 and 52819.

  Give Feedback Privacy Policy Cookie Policy Rules & Regulations Terms & Conditions Gambling can be addictive, please play responsibly. Underage gambling is an offence
   "
https://tonybet.com/en,
https://www.betfair.com/fi/prospect,"Ohje
Liity nyt
Muista minut Unohdit käyttäjätunnus / salasana ?
Vastuullinen pelaaminen
Vetopörssi
Urheiluvedonlyönti
Kasino
Kolikkopelit
Livekasino
Pokeri
Vetopörssin pelit
Bingo
Virtuaaliurheilu
Kaikki urheilu
Live
Lunastus
Kampanjat
Jalkapallo
Tennis
Jääkiekko
Koripallo
PELAA RAHAPELEJÄ VASTUULLISESTI Lisätietoja
Vastuullinen pelaaminen
About Betfair
Ohje Kumppanit Turvallisuus Betfairin mobiili Kehittäjät
14:26
PPB Counterparty Services Limited, jonka rekisteröity osoite on Triq il-Kappillan Mifsud, St. Venera, SVR 1851, MALTA, on Malta Gaming Authorityn lisensoima ja säätelemä lisenssinumerolla MGA/CRP/131/2006 (myönnetty 1.8.2018). Koskien asiakkaita Isossa-Britanniassa, PPB Counterparty Services Limited, Betfair Casino Limited, PPB Entertainment Limited ja PPB Games Limited ovat Gambling Commissionin lisensoimia ja säätelemiä.
Tietosuojakäytännöt Evästekäytännöt Säännöt ja määräykset Ehdot ja edellytykset Pelaaminen saattaa aiheuttaa riippuvuutta, pelaa vastuullisesti. Pelaaminen alaikäisenä on rikos


Arvostamme yksityisyyttäsi
Valitsemalla ""Hyväksy kaikki evästeet"" hyväksyt evästeiden tallentamisen laitteeseesi sivustolla navigoimisen parantamiseksi, markkinointipyrkimysten tukemiseksi ja tuotteiden käytön analysoimiseksi. Katso Evästekäytäntömme
Evasteiden asetukset
Hyväksy kaikki evästeet"
https://www.ladbrokes.com/,
https://www.betvictor.com/en-en,"Live Chat
Help Centre
Safer Gambling
Terms & Conditions
Privacy Policy
BetVictor Blog
Send Us Feedback
Payout limits apply to all betting transactions.
More Info
Mini Games
Book of Dead
BetVictor Roulette
Starburst
BetVictor First Person Blackjack
LOG IN
SIGN UP
SPORTS
CASINO
LIVE CASINO
OFFERS
IN-PLAY
FOOTBALL
TENNIS
HORSES
BET BUILDER
NBA
HOCKEY
Top Games
Popular
Book of Dead
Popular
Starburst
Popular
Wolf Gold
Game Shows
Crazy Time
Monopoly Live
Mega Ball
Dream Catcher
Terms & ConditionsFairnessSafer GamblingCookies PolicyAffiliatesPrivacy Notice
The website is operated by BetVictor Limited (trading as “BetVictor”), a company registered in Gibraltar (company registration number 42734). BetVictor’s registered office is located at Suite 23, Portland House, Glacis Road, Gibraltar, GX11 1AA and its trading office is located at Suite 2:01, World Trade Center, Bayside Road, Gibraltar, GX11 1AA.
BetVictor is licenced and regulated as an online gambling operator in: 1. Great Britain by the Gambling Commission of Great Britain under licence number 000-039576-R-319370-016; 2. Ireland, by the Revenue Commissioners under licence number 1010233; and 3. For users located in any other jurisdictions, in Gibraltar, licenced by the Government of Gibraltar under licence numbers 001 and 014 and regulated by the Gibraltar Gambling Commissioner. Live information is for guidance only and can be subject to delays. Click here for more details. We may also require documents from you for your account verification before you can withdraw funds, please Click here for more details.
Betslip
Cashout"
https://register.bet9ja.com/,"Log In
Forgotten Password?Register?
SPORTS
LIVE
CASINO
BET9JA PLAY
VIRTUAL
SUPER9JA
FREE
MOBILE
GMT +01:00
Open Account
Email
A valid email is required to withdraw funds.
First Name
Your details must match the Account Holder name of your bank account in order to process a withdrawal.
Last Name
Date of birth
Promotion Code (optional)
Continue
Nigeria's Number 1
Betting Site
Winners Don't Wait.
BET9JA
Home
About Us
Become an Agent
Contact Us
Results
Web Affiliates
Apps
Terms and Conditions
Responsible Gaming
Privacy
2020 All rights reserved
Bet9ja is not affiliated or connected with sports teams, event organisers and/or players displayed on its images/websites."
https://www.betking.com/,"Help
Forgot Password?
Login
SPORTS
LIVE
VIRTUAL
BECOME AN AGENT
NEWS
HELP
LIVE CHAT
Register Now
Help
REGISTER ONLINE
BECOME AN AGENT
SPORTS
LIVE
BECOME AN AGENT
HELP
ABOUT US
Play Responsibly
© 2021 SV Gaming Limited T/A BetKing RC 1419108. All Rights Reserved by SV Gaming Limited T/A BetKing.
By using the betking.com site, you consent to the use of cookies. For more information, please see our cookie policy."
https://financials.spreadex.com/,";
LOGIN
CREATE AN ACCOUNT
FINANCIAL SPREAD BETTING
EST 1999
GET STARTED
WHY SPREADEX?
PLATFORMS
MARKETS
HELP
ANALYSIS
CONTACT
SPORTS
HOME FINANCIALS LOGIN
LOGIN
* Caps Lock is on
Remember my username
FORGOTTEN LOGIN DETAILS

  MARKET SELL BUY +/- %
  UK 100, DAILY 7141.3 7143.3 +13.3 +0.2%
  WALL STREET, DAILY 34802.5 34808.5 +33.0 +0.1%
  GERMANY 30, DAILY 15408.0 15410.0 +22.0 +0.1%
  SPOT, GBP/USD 1.40046 1.40058 +0.00079 +0.1%
  SPOT, EUR/USD 1.21663 1.21669 +0.00012 +0%
  US TECH 100, DAILY JUN 13716.9 13718.9 +0.0 +0%


(INDICATIVE ONLY)
Sign up to receive trading news,
offers and product updates
See our privacy policy here
FINANCIAL DESK:
08000 526 570
+44 (0)1727 895 151

GENERAL ENQUIRIES:
+44 (0)1727 895 000

Terms and Agreements
Risk Notice
Contact Us
Financial Trading
Spreadex Social Media
Mobile Site
Careers
GET STARTED
What is Spread Betting?
Spread betting advantages
Controlling your risk
Spread betting examples
WHY SPREADEX?
Company history
Range of markets
Attractive margin rates
Awards
TRADING PLATFORMS
Online platform
Mobile trading
Charting package
Security

RANGE OF MARKETS
Indices
Shares
Forex
Commodities
HELP AND SUPPORT
Video Training Centre
Account FAQs
Charting FAQs
Trading FAQs
MARKET ANALYSIS
Spreadex Market Update
Weekly Trading Update
Financial Trading Blog
Economic Diary
Spreadex Ltd is authorised and regulated by the Financial Conduct Authority.
Spread bets and CFDs are complex instruments and come with a high risk of losing money rapidly due to leverage. 63% of retail investors lose money when trading spread bets and CFDs with this provider. You should consider whether you understand how spread bets and CFDs work and whether you can afford to take the high risk of losing your money. For professional clients, spread betting and CFD trading can also result in losses larger than your initial stake or deposit. This site is intended for those persons of 18 years or older. Click here to see our Privacy Policy.
The information on this website is not targeted at the general public of any particular country. It is not intended for distribution to residents in any country where such distribution or use would contravene any law or regulatory requirement."
